id,timestamp,text
1050558729,29.988,呀，不管了
1050556263,25.275,不管了！！
1050419205,164.856,这香蕉真硬
1050417711,141.708,香蕉好结实
1050221783,169.878,吃货的世界
1050199733,112.028,2333
1050192823,20.437,卧槽，香蕉英文怎么读去啦
1049828165,186.171,密恐受不了啦QAQ
1049697425,81.79,我是香蕉。我选择死亡
1049526949,197.305,Babes
1049275317,169.461,233333333333333333333
1048514403,23.956,画质吊炸天
1048219559,189.147,把我家的banana都给你们～
1047929325,76.539,芭娜娜
1047890813,115.312,233333333333
1047881519,39.369,萌萌哒
1047773799,80.997,好功夫
1047726323,114.489,自动变黄哎( •̀∀•́ )
1047721107,58.141,您的好友【凯文】已上线
1047390161,201.682,我去
1047391129,207.693,下次给葡萄不就好
1047313013,10.298,芭那那！
1047104115,79.454,萌萌
1047103745,3.164,23333333333333333333
1047081771,159.394,香蕉： 都怪我咯
1047078821,136.583,hhhhhhhhhhhhhhhhhh
1047077021,88.372,hhhhhhhhhhhhhhhhhhhh
1047074289,68.849,三人转
1046308257,99.182,这香蕉真结实
1045853539,112.28,自动变黄
1045817217,180.513,哈哈哈
1045810419,93.363,香蕉黄
1045808191,63.0,banana
1045774567,199.207,好傻
1045771913,173.006,组团
1045770895,169.636,一大群
1045769751,161.237,额欧
1045761485,101.704,头上的毛
1045762731,111.921,哈哈哈哈
1045760357,94.637,-3-
1045754503,51.067,萌萌
1045617601,188.289,萌出一脸血~
1045550195,12.733,banana
1045142369,149.05,。
1045141581,140.347,前方高能
1045134957,76.697,我
1045128219,18.477,一个笨啦啦引发的血案「「「「「」」」」」
1045131157,44.165,就是啊
1045105921,4.601,banana
1045103935,6.595,233333333
1045027773,27.088,嗑药了的感觉
1044285931,206.655,吃货太恐怖了
1044281973,155.808,一根香家引发的战争
1044284491,181.574,卧槽为毛这么喜欢香蕉
1044279899,121.817,BANANA
1044131427,215.77,饿了饿了，画质好评
1044103387,11.326,，
1043811951,99.974,看它的小短腿
1043805553,20.937,为啥我没有我也想有一群
1043677567,88.458,变黄变黄~ヽ(´･д･｀)ﾉ
1043532469,119.209,变黄了
1043529845,70.569,哟哦哦哦~~~~我爱小黄人~~~~
1043293499,85.728,22222222223333333333
1043294027,97.753,222333333333333
1043292785,68.769,Banananananan
1043122547,66.291,不能打架，不能打架，你们都说说香蕉好处都有啥，谁说对了就给他
1043004479,109.192,哈哈哈哈
1043003737,33.992,哈哈哈哈哈
1043002685,14.139,芭娜娜
1042454705,213.646,(人◕ω◕)
1042451929,166.109,233333
1042449201,122.311,刚看完恐怖视频完全被治愈了～
1042450903,150.775,ε=ε=ε=(υ◉ω◉)
1042443871,66.272,巴纳纳
1041773059,56.707,banana
1041458083,16.33,画质感人
1040792909,154.584,斯图尔特是中分
1040530237,83.083,变黄
1040465503,91.145,前方…小黄人酷跑………
1040420523,40.721,bannna
1040422485,73.509,背带裤
1040419397,21.036,好萌
1040421075,49.748,banana
1040413675,174.696,哈哈哈
1040335847,22.265,哈哈哈
1040337185,44.049,好好可爱啊
1040318021,25.016,小黄人可爱
1040096243,54.032,Banana
1040056147,108.82,一根香蕉引起的混战
1039913625,164.952,23333333333333
1039910409,108.621,23333333333
1039906519,40.976,23333333
1039908007,63.28,凯文来了
1039905815,28.917,萌哭了！！
1039819545,83.708,颜色单一不好看
1039349713,59.607,不能打架，不能打架
1039308017,91.925,啦啦啦
1039039895,78.864,萌哭了
1038712223,59.351,萌翻了^ω^
1038649205,109.748,自动变黄了....
1038625523,210.919,我明天也去买banana来吃(｡･ω･｡)ﾉ
1038604945,85.673,好黄
1038555267,204.913,萌哭了(*/ω＼*)。。。
1038539127,81.637,真的啊
1038463895,34.242,2015.7.26
1038376893,213.902,233333333333333
1038191197,29.227,好高清
1038185107,86.201,banana
1037825795,166.374,这牙齿我也是醉了
1037819439,82.999,太搞笑了
1037814101,10.635,哈哈
1037722265,78.203,黄嘟嘟
1037652673,204.15,多爱水果
1037648973,141.23,吃货惹的祸
1037650657,168.643,２３３３３３３３３３３
1037648543,134.099,２３３３
1037646807,104.183,小短腿
1037628247,25.326,萌萌萌萌
1037560429,189.641,八辈
1037433911,151.704,有个是双瞳的然而并没有
1037237193,198.239,貌似看见海绵宝宝的存在！！！
1037146561,33.115,问一下小黄人电影在哪   找不到了
1036834435,174.206,香蕉的诱惑
1036426451,115.902,明明没变黄
1036424849,96.669,怎么可能
1036395861,71.061,好喜感啊【笑成狗
1036394121,190.482,"apple(ﾉ""◑ڡ◑)ﾉ"""
1036384257,53.261,bnana
1036378605,82.33,BOB长大了 0.0
1036165429,181.422,简直就是狂欢
1036157589,205.092,哈哈哈哈
1036153465,121.403,我怎么没黄
1036153033,112.787,谁说变黄了
1035912325,89.148,哪里变黄了
1035875301,50.069,banana
1035822241,81.612,你们这么有钱多买些香蕉不行么？= =
1035433157,78.301,自动变黄的你过来
1035415857,126.584,我想笑死了。
1035384247,151.294,斯图尔特很矮，而且是光头哦~
1035212917,87.424,手动变黄
1035211341,54.733,banananana
1035130627,23.68,哇塞
1034943805,144.735,斯图尔特，凯文和戴夫
1034935991,39.782,后面这只是斯图尔特耶！
1034703841,39.629,芭娜娜
1034706399,75.967,芭娜娜！
1034546573,74.24,banana
1034378489,53.755,先吃为敬
1034380505,84.032,小黄人快跑的源头么！
1034377713,41.535,芭娜娜
1034352651,76.606,我也没
1034200743,88.059,我
1034003807,174.52,hhhhhh
1033990925,6.343,正好搜到了kkk
1033866971,200.742,啊啊啊啊啊萌死了啊啊啊
1033856133,14.431,好想养一群(｡･ω･｡)ﾉ♡
1033823155,71.346,谁说自动变黄的站出来
1033817377,67.988,真的？
1033457185,74.074,自己挑
1033455783,52.761,哇塞
1033413617,21.721,萌萌哒！
1033253213,175.508,一根香蕉引发的血案
1033246693,78.119,至于吗？就那条香蕉！
1033204983,207.831,hhhhhhh
1033004077,149.484,敌人X1 X2 X3 X4 X5 X6
1033000147,10.544,画质感人
1032726453,68.026,放屁，我就没黄
1032418949,176.886,之真心被黄胶囊萌哭惹
1032341441,202.41,太萌了
1031732127,171.388,2333333333
1031725517,28.941,这头发
1031686605,173.955,2333333333333
1031669715,210.127,到底是为了什么
1031596079,168.829,卧槽哈哈哈
1031597245,140.148,Banana
1031595551,108.009,Banana！
1031391529,33.64,好萌呀
1031391937,31.364,冰儿   香蕉！！！
1031392361,45.387,banana
1031319701,109.07,我要叫蛋哥砍死你们
1031316893,69.024,3...
1031317665,80.154,被骗
1030875509,47.619,banana
1030845087,77.577,萌死了
1030822915,122.37,这应该是小黄人大电影里的几个吧
1030819275,63.902,字体咋黄了
1030817859,41.317,字体突然变黄了
1030816943,25.901,萌我一脸鼻血
1030814575,0.693,因为一根芭娜娜而引发的故事
1030799303,8.848,芭娜娜
1175447977,117.926,banana
1175419299,19.828,自动变黄
1174600351,144.507,233333333
1174047633,89.655,芭娜娜
1173424595,221.453,banana
1173113713,85.444,？
1173022541,161.703,hhhh
1171817565,78.37,笨啦啦。。。。
1171624735,81.206,看了这么多遍还是大爱吧娜娜
1171500799,7.549,芭娜娜
1171402161,44.841,有没有合浦的朋友听出来了【北那那】
1169023761,100.729,专门扫黄
1168949221,210.543,把那呢
1168233515,21.96,喜欢
1168210977,13.431,感谢
1166788223,189.022,↖变红
1166778405,68.568,黄的弹幕都是黄的
1166203359,190.857,霸奔儿
1166194083,86.795,自动变黄
1166192073,77.41,自动变黄
1165215315,67.32,。
1163635901,0.0,99不88
1163633603,0.0,来去无踪
1163634335,0.0,来去无踪
1163634893,0.0,来去无踪
1163629727,0.0,来去无踪
1163630391,0.0,来去无踪
1163631087,0.0,来去无踪
1163631983,0.0,来去无踪
1163632601,0.0,来去无踪
1162191489,189.143,八倍儿
1161911969,164.343,哈哈哈哈哈哈哈
1161908617,113.195,好乖
1161905687,67.562,23333
1161903817,40.152,好可爱
1159986391,3.916,为什么我看到香蕉就想起小马大公主。。。。
1159787993,165.52,2333333333333333333
1159751891,154.362,你们一开始把波纳纳分成三段不就好了( *・ω・)✄╰ひ╯
1156186693,176.39,在教室打开了一袋零食的既视感
1156002579,56.014,芭娜娜，芭娜娜娜
1154665689,209.375,萌翻了
1154619903,5.736,字幕无意识变色了 23333333
1154001097,128.056,bunana
1153393103,201.638,卧槽
1153392289,189.759,噗
1153386643,110.387,芭娜娜
1151283737,175.137,233333
1151279163,112.913,2333333
1151281109,134.159,BOOM
1151271219,52.675,芭娜娜
1151172173,82.529,我也试试
1149607723,182.837,卧槽哈哈哈哈哈哈哈哈哈哈哈
1149444419,68.652,大爱小黄人
1149439487,27.485,好可爱，萌萌哒
1148980053,119.035,bananananananananananan..
1147267077,207.956,萌出一身血
1144272631,69.241,banana banana
1142932733,15.998,banana
1142626937,98.061,没人发现这是三人组吗
1142627631,98.061,没人发现这是三人组吗
1142627245,98.061,没人发现这是三人组吗
1139161351,43.209,芭娜娜
1139135625,59.225,banana
1138481375,73.782,黄了
1137033079,115.346,bannana
1137034803,211.722,一根banana引发的
1136797147,77.142,我粗来了
1136667211,133.461,别被他们骗了 怎么可能自动变黄
1136664157,83.474,谁说的自动变黄的！
1134718731,153.318,我是暴走小黄人233333
1134687247,170.409,小黄人围城
1134677559,66.196,一根芭娜娜引发的战争
1134679625,77.874,一根芭娜娜引发的三国杀
1134672913,39.462,芭娜娜
1134673333,39.462,芭娜娜
1134674753,49.96,芭娜娜是我的
1134670203,7.36,bababababanana
1133720253,75.544,有很多飞弹你们注意一点
1133714337,2.73,吧哪哪
1133520911,74.975,波呐呐~~~
1129284723,74.607,2
1129255899,206.612,笑死我了
1128701577,70.709,hhh
1127562345,207.029,由一根粑拉拉引起的惨案
1125506793,52.639,萌萌哒！
1125223075,171.401,233333333333333
1125115307,70.071,什么
1125093279,80.907,骗人 哪有变黄
1125051077,71.017,。
1125049715,51.014,，
1124641895,14.077,萌一脸血
1124619871,209.408,宝儿
1123558413,88.213,这是黄色
1123555543,8.925,笨拉拉
1123317399,76.91,芭娜娜还没被抓融也是天地良心
1123287787,25.173,这就是写作业时的我(づ ●─● )づ
1123142967,115.062,巴拉拉~
1122605263,172.435,banana:我就是如此的迷人
1122573589,104.979,hhhhhh
1122491571,177.13,芭~娜~娜~
1122300807,197.094,艾派得~
1122201027,125.089,右边那个不是鲍勃小天使，鲍勃没这么大
1122180323,29.648,是斯图亚特吗？
1122171269,191.954,巴伯~
1122160403,141.855,BOOM！
1122149199,61.658,芭娜娜~·
1122152301,99.027,芭娜娜~~~~~~~~~~~~~~
1122146325,43.98,可爱的我都变黄了
1122137445,42.531,芭娜娜~
1122008607,64.199,萌萌哒
1121467327,48.34,23333333
1121284391,180.435,233333333
1120269269,33.196,八嘎
1120268145,16.946,bananan
1120010119,104.449,没黄
1119967435,48.844,芭娜娜
1119962109,30.78,好萌！！
1119602149,51.425,吧啦啦
1118303789,171.656,敌方来袭
1118298489,100.824,巴拉拉哈哈哈哈
1118296737,78.034,好可爱
1118289881,20.362,天呐好爱
1118241317,169.622,粑拉拉小魔仙
1118024989,45.921,。
1117623467,68.268,banananan!
1117102023,158.776,心疼gru
1117093495,22.769,banana黄
1116907367,85.894,芭娜娜！！！
1116903627,31.399,23333333333333
1116904501,44.377,芭娜娜
1115539677,204.382,爱跑
1115538167,179.248,23333333333333333333
1113681387,69.639,我想起了书俊
1113244673,73.085,23333333333333333333
1113151117,189.514,banana它死了
1113137769,7.793,是不是拼错了
1112927177,11.656,哈哈
1112379015,69.86,黄！
1112380499,90.403,说变黄的站出来！
1111437037,59.809,不能打架，不能打架。布纳纳好处都有啥，谁说对了就给他！
1110517871,18.81,这画质还有谁？
1107364961,69.084,金坷垃 是我哒
1106982855,41.649,2333333
1106225021,190.419,变黄 真的假的？
1105810977,174.883,2333333333333333变黄看看
1105798575,13.054,吧啦啦啦啦
1105241047,159.293,23333333333333333333333333333333
1105188963,107.002,黄了
1104225605,175.875,萌萌萌
1104095495,215.256,gapp刚吃完香蕉的窝(๑´ω`๑)
1100098675,169.314,哈哈哈哈
1100094547,101.644,变黄
1099011325,131.765,谁说会变黄的
1097887549,168.813,2333333333333333333333333
1097876541,49.39,banana
1097877123,60.63,banana~
1097672153,103.311,哈哈哈萌死拔娜娜
1097406151,59.643,不要搞
1095791943,213.993,不就是香蕉么 买给你嫁给我
1095789377,170.945,balala能量！
1095782749,66.838,我是来扫黄的
1095784971,100.692,四个banana
1094504063,81.742,黄色的叭娜娜
1094001379,86.475,这是小黄人快跑游戏吗
1093999145,47.178,23333333333
1092088425,146.292,格鲁不破产之谜
1090430301,91.641,画面怎么是黑的
1090034381,11.433,banana
1089964431,158.132,抢个香蕉这么丧心病狂。。。。
1089961911,124.802,巴娜娜
1089959319,92.261,Banananananananaana
1089023111,72.475,什么
1088883859,188.229,这可怜的声音
1088864275,171.08,23333333333
1088858465,78.872,banana
1088121187,117.437,扫黄大队来了
1088116901,88.862,banana引发的血案
1088115047,60.45,banana
1084832229,32.802,小黄人萌萌哒
1084729177,38.452,banana
1084679831,192.64,Apple
1084678301,169.249,不行了我  笑抽了
1084680361,201.179,APPLE
1084673739,95.14,自动变黄了~\(≧▽≦)/~
1084672739,78.927,Banana
1084445781,72.461,噗噗
1084177893,177.201,香蕉滑了一下
1084176379,173.089,抢的那么欢
1084175729,171.62,一根香蕉至于吗
1084161367,80.359,真的变黄了
1083330937,50.717,好黄呀
1082008715,25.426,2333333333333333333333333333
1081474287,140.525,2333333
1081453373,37.933,banana(๑• . •๑)~
1079811307,35.765,急急急叽叽叽叽
1079397553,81.971,banana!!!!
1078918837,68.652,白色
1077966121,23.619,23333333333333
1077355789,109.616,谁说变黄了！！！
1077354637,92.424,骗人，没变黄
1077018555,221.449,火龙果
1076861897,60.709,不能打架不能打架，说说金坷垃好处都有啥，谁说对了就给他
1075471379,217.501,给榴莲
1075253105,164.269,都是我的错
1074788353,31.786,23333
1074420389,71.446,banana
1073732361,43.357,6键盘请你正过来:-)
1073237675,204.454,萌屎了
1072608013,164.144,2333333333333333333333
1072482989,79.579,不那那
1072480613,69.611,banana~
1071365805,72.522,hhhhhhhh
1071287779,215.693,石榴更实惠
1070800207,171.781,23333333333333333333333
1070492903,35.484,来看bananananananannana
1070161169,70.04,banana~
1069168799,75.475,好黄
1069058697,46.767,后面这个不是斯图尔特，眼睛颜色不对
1069031539,71.291,大眼萌
1069008307,202.619,爱泡～
1067943363,184.335,这根香蕉真解释。。
1067735373,71.283,banana
1067683833,158.893,巴啦啦能量！
1067671143,31.103,萌坏了
1067601633,78.028,怎么可能会变成黄色
1067566279,193.589,Babe
1067555125,45.504,芭娜娜
1067219431,97.017,黄
1067217809,71.372,banana
1067154989,30.182,键盘是反的
1067156687,73.569,萌爆我了
1067005677,48.529,挺萌的233
1066256747,177.056,所以吃石榴多好
1065031287,22.879,帅气呀
1064920391,97.926,ba～na～na
1064823135,87.462,游戏场景神还原。
1063935431,0.0,haodou
1063776733,38.47,波纳纳~~~
1063769397,170.061,波纳纳 爱你
1063771329,192.104,hhg 看我
1062385255,67.95,什么？黄色？
1062233071,91.341,他们就不能先咬一口么
1062230599,69.986,banana
1061955401,172.63,吃
1061574511,125.272,笑成狗
1061236841,204.549,笑翻
1061233341,153.038,自动变黄！
1059904897,204.018,233
1059883485,74.353,简直太可爱
1059087411,37.245,吧哪哪
1059087785,44.794,⊙▽⊙啊呜
1059085573,34.242,好，他没看到
1059086533,30.238,嘛，不管了
1059083381,14.097,（口哨~偷瞄一眼）
1059084841,28.903,克制克制（我的手为啥会自己动）
1059081481,5.255,BANANA
1059082237,2.335,BANANA
1059078999,202.368,（吧哪哪被抛弃了）
1059080147,209.083,字幕END
1059077391,195.653,爱泡←_←
1059078153,197.697,爱泡~爱泡~
1059076789,186.144,（强势围观）
1059076189,177.969,噗嘁 吧唧
1059073411,161.244,⊙▽⊙卟哪哪~
1059072207,146.563,不给他俩。。。
1059071433,137.178,duang...
1059068215,66.399,我滴 我滴 我滴
1059069417,90.09,吧啦啦，哈哈哈。。
1059065813,50.592,不要。。。
1059066533,58.141,呀呀，我的
1059066861,60.644,你俩干啥呢
1059064661,37.287,啊，吧哪哪
1059065443,46.921,吧哪哪给我点
1059062701,15.849,balala
1058516555,139.232,BANANA
1058513383,73.139,怎么我的不黄
1058514471,97.295,自黄的人肯定很黄
1058515801,124.802,BANANA
1058512505,55.805,看一下变色
1058512971,64.724,骗我
1058477717,197.137,babble
1058469641,50.638,锅锅看喵
1058467657,15.688,锅锅
1058468535,31.021,锅锅看喵
1058338141,162.776,斯巴达！
1058289789,89.778,抢个banan
1058283381,10.971,我最爱的！
1058055763,71.769,变黄
1057876045,100.726,好硬，哈哈哈
1057458289,174.42,banana：我好硬呀
1057448167,26.79,吧啦啦！！
1057282527,71.488,好萌
1056930585,204.621,一群吃货
1056762257,25.742,头上的几根毛
1056752599,162.024,芭娜娜！！！
1056746367,69.012,芭娜娜！
1056638391,199.407,apple
1056630331,80.955,banana
1056631267,80.955,banana
1056630819,80.955,banana
1056506705,220.012,banana.....
1056377459,88.898,u 哈哈宝贝呢
1056374319,78.175,bnana
1056323321,71.851,。。
1056085595,46.501,banana
1056086209,51.828,nonono
1055880459,61.829,真的变成黄色的了耶
1055875189,60.859,banana
1055870417,64.611,Banana
1055871537,64.611,banana
1055363149,51.885,扫黄大队：听说这里有弹幕变黄，特来扫黄！！！
1055273751,141.993,o
1054468001,31.656,画质给力
1054272207,16.433,超级萌，大爱小黄人啊，啦啦啦
1053787979,14.331,字体什么情况
1053091631,213.171,给葡萄的好提议！来个中国版，给荔枝吧！
1052958641,142.264,2333333333333
1052694455,193.398,23333333333333333
1052693811,182.174,..
1052693097,168.984,23333333333333333333
1052687007,61.331,bavava
1052687421,68.221,banana
1052684433,16.518,2333333
1052678029,133.283,你们好黄
1052675223,82.814,看了三部了还是不知道他们名字分不清的只有我一个人吗
1052672511,34.359,画质简直良心
1052267537,62.684,布拉克
1052266519,53.29,呆萌呆萌的
1052261235,8.58,banana
1051792385,203.661,萌萌萌
1051681999,154.362,巴哪哪
1051219745,211.404,bapple
1241162557,74.139,23333333333333333
1239801541,70.028,。。
1239734745,116.254,(≧▽≦)(≧▽≦)(≧▽≦)
1239734023,112.592,banana
1239729347,11.877,(≧▽≦)
1239041601,221.763,龙眼，黄皮
1238960839,19.789,另外五个小伙伴你们好啊
1238468711,5.025,17banana
1238190447,71.345,banana
1238188729,6.849,啦啦啦啦啦啦啦
1238023457,172.79,23333333333333
1237903915,76.103,一根芭娜娜引发的血战
1237741335,114.067,banana
1237641085,81.293,大家好，我是啵呐呐黄
1236972777,39.223,摸娜娜~
1236968409,10.028,香蕉黄
1236711189,111.267,芭娜娜
1236081565,69.903,banana
1235102473,202.572,八宝
1235101983,190.561,导弹井
1235101103,169.916,hahahhahhahah
1235097851,95.372,banana
1234928687,54.217,据说能变色
1233360689,46.547,芭娜娜~？
1232249447,25.191,感觉他要高潮了2333
1231254111,75.95,看看我的颜色
1229055775,2.294,赵日天来也(●––●)
1227422435,17.119,黄人黄测试 F4E865
1226954383,41.611,是我的
1226954641,50.571,我的
1226287633,159.013,金~坷~垃~~~~~~
1226285799,151.497,哇！金坷垃！是我们哒！
1226283205,138.735,Duang！
1226283869,138.735,Duang
1226281209,105.117,金坷垃！！！
1226281901,112.474,决不能给他！
1226279079,59.629,不能打架
1226278195,55.664,Banana是我哒！
1226278549,55.664,是我哒！
1226040973,113.417,听说最近扫黄
1225991741,44.501,qqaaswzm
1225569895,129.979,BUG啊 一会儿刺头一会儿中分  刺头第一部就是杰瑞 中分就是马克
1225568211,128.235,我知道了 蒂姆 菲尔 马克 去商场买独角兽那3只！！！
1225564759,62.312,这个高的是tim 这是第一部番外吧
1224935331,23.094,banana
1224936155,46.863,哈哈，蠢萌蠢萌的
1224935597,30.487,Banana
1224459621,84.387,芭娜娜被玩坏了
1224458449,40.279,2个banana你们好
1222646459,162.412,banana！！！！！！
1222645437,119.911,怎么只能有一根香蕉呢！
1222643893,38.371,啊～bananaヽ(*。>Д<)o゜
1222643017,28.862,忍不住啦(ฅ>ω<*ฅ)
1222642715,16.641,为什么一大波小黄人只抢一个香蕉呢
1221938757,75.104,不晕吗
1221936611,22.181,好蠢
1220966315,171.244,红红火火恍恍惚惚哈哈哈哈哈哈哈哈哈
1220414991,170.062,在班上吃东西的时候就是这样23333
1219964581,23.398,巴呐呐
1219618267,20.216,banana
1219616943,6.725,banana
1219005707,188.754,^3^
1218920411,111.849,萌的不要不要的
1218091159,203.203,我擦....
1217978151,78.38,hhhhhhhhhhh
1217392353,61.2,巴那那
1217293789,76.118,今天看完小黄人电影 又来了看得我
1217111143,192.593,我从来买见过那么完整的banana
1216912057,209.013,太萌了！！
1216157745,78.23,嘤嘤嘤芭娜娜
1216150449,104.596,卢瑟
1216150217,95.634,为啥是黄色
1215400347,101.235,Banana(￣^￣)ゞ
1214536561,55.768,芭娜娜
1211956613,214.714,2333333
1211956063,174.966,香蕉黄
1211922773,48.682,萌萌哒的小黄人，真是可爱得无可救药了
1211658727,19.576,嘎嘎嘎
1211579085,113.029,变黄了么.....
1211567091,149.667,233333333333333
1211494803,31.207,乙。？
1211466599,159.849,怎样黄啊
1211465741,152.91,变黄！
1211433639,203.912,啊啊啊！好萌！！！！
1211265349,29.899,不加班就去電影院看了
1211241867,155.655,哈哈哈哈哈
1211017499,83.834,巴娜娜
1210872655,105.647,听说我很黄？
1210324677,38.186,波娜娜~~！！！
1210293779,129.192,真的能变黄？
1210292407,81.427,凯文，鲍勃，斯图尔特0.0
1209958929,181.695,(╯3╰)
1209954401,48.107,不娜娜
1209953127,10.612,Banana
1209940929,64.689,你的字体代表你的心理↓
1209939255,45.295,你的字体代表你的心理↓
1209936367,2.794,Banana~
1209936935,6.423,banana
1209937093,7.966,banana
1209937247,9.801,banana
1209936701,4.671,banana
1209353883,209.816,心疼格鲁2333333
1209352283,168.426,hhhhhhhhhhh~
1209166501,114.72,芭娜娜！
1208900395,124.266,太萌啦
1208878463,133.55,duang～
1208876477,43.877,芭拉拉
1208560435,4.591,l
1208462311,167.943,哈哈哈，好可爱
1208309121,173.902,2333333333333
1208268281,67.636,、。
1208228965,68.416,真的变黄了
1208198763,73.947,哈哈哈
1207679919,38.83,是斯图尔特（单眼）Dave（双眼）吧？
1207477199,178.178,快张嘴！！
1207471037,48.381,先下嘴为强，后下嘴遭殃
1207461779,52.188,onononono~
1207314971,69.05,忙着玩了￼
1207143541,71.464,~~
1207088153,204.681,心疼格鲁
1205403447,202.09,２３３３
1204968031,7.682,只有我一个人这么卡么
1204948889,34.61,萌屎我了
1204531155,221.913,笨死了，应该给石榴
1204304957,78.453,巴啦啦
1204304661,73.239,巴啦啦
1204305143,81.581,巴啦啦
1204305281,84.167,巴啦啦
1204304355,67.442,巴啦啦
1204286615,167.69,一个香蕉引发的血案
1203542381,7.16,哇咔咔
1203456725,69.861,banana
1202931543,7.816,一群小可爱~
1202187299,177.068,banana：怪我喽
1198857907,178.636,有一种挤肥皂的感觉
1198782371,23.651,QQQQQQQQQQQQQQQQQQQQ
1197951991,82.983,噗banana
1197185949,74.986,黄色
1196768593,174.731,lol
1196767241,23.647,HD!!!!!!
1195989573,169.937,2222223333333333333333333333
1195958717,41.124,就是斯图恩特，它最喜欢吃香蕉了，随时都要带上
1192688979,213.588,好搞
1191289441,168.441,骗人吧，怎么可能会变黄
1191195297,174.855,233333
1191193933,151.794,Banana
1190864585,116.329,233333333333
1190646025,144.144,干得好！！！
1187620647,41.311,banana
1186876427,159.527,巴拉拉
1186871935,89.194,黄
1186873083,106.38,没有黄啊
1186871015,75.022,还
1186638779,73.72,芭娜娜！
1186026779,69.545,字体哪里有变色
1186015651,35.062,萌萌哒
1183331617,62.27,吧Nana～～
1183136437,107.96,吧呐呐！！！！
1183137331,0.0,吧呐呐。。
1183129577,29.0,吧呐呐引发的血案啊
1183130385,43.266,吧呐呐~~
1183132057,63.629,不能打架不能打架
1181992393,189.613,23333333333
1181992087,174.507,233333333333333
1181989789,59.048,nononono
1181989185,30.01,banana
1181980517,41.512,哈哈哈
1181978897,166.206,2333333
1180091399,0.0,今天
1176899651,78.376,什么 黄色
1176577991,39.397,大家好，我是芭娜娜~
1315811121,77.351,试一试
1315809677,50.085,shiyishi
1315726161,67.797,.
1314700295,121.844,黄
1312713131,173.152,一只香蕉引发的血案
1312146173,100.682,变黄了吗
1309180657,65.435,2333333333333333333333333333
1309123581,102.952,一根香蕉引发的血案
1299619475,74.301,2333
1299190553,214.005,好萌
1298841411,195.833,巴伯~
1298836147,93.915,波娜娜~~~~
1298833931,43.908,芭娜娜
1292763031,97.214,自动黄
1292262805,68.887,巴拉拉
1291261905,207.248,我给香蕉，跟我走吧
1288889349,70.768,。。
1287494545,170.923,hhhhhhhhhhh
1287488847,41.419,芭娜娜
1286277961,47.912,吧nana
1286277057,29.682,baanan
1286069365,93.539,芭娜娜～
1282714627,98.401,一度一度
1278276073,12.368,banana~
1278266715,25.493,小黄人国语十级
1265063761,46.838,拔呐呐
1263682213,175.264,八娜娜
1263047691,10.617,巴啦啦小魔仙
1260221255,77.576,论一根巴那那银发的惨案
1260122857,116.632,很黄很暴力
1260118181,34.275,BANANAS
1259181255,169.851,2333333333333
1259176669,117.425,233333333333
1257951121,5.771,Banana
1256556813,201.844,此处应有鬼墅
1256508097,140.907,可是Bob应该比斯图尔特小呀
1255053803,102.726,据说会自动变黄吗
1254626383,13.203,Banana
1254208221,0.19,卡QAQ
1254192171,102.152,发型为什么变了？
1250850405,221.93,给个菠萝蜜也行啊
1250835315,11.219,吧啦啦～
1250021945,134.569,巴娜娜
1250022661,148.423,巴娜娜
1249511957,0.0,哦
1249512251,5.367,对
1247475511,62.042,banana
1247476269,67.458,banana
1244052971,135.723,咯咯咯
1244022843,81.027,好萌!
1243513589,53.615,芭娜娜
1386576463,19.402,吧娜娜
1383956961,171.504,233333
1381560545,108.789,是吗
1381555903,21.039,第一
1381548017,183.703,2333333333
1381487463,76.379,巴娜娜
1381429945,71.185,一根banana引发的血案
1380191673,168.832,233333333333333333333333333
1380192597,189.682,2333333333333333333333333333333
1380106571,101.101,好黄
1372537101,11.271,芭娜娜
1368794711,76.987,变黄了
1367342869,102.963,芭娜娜
1357622501,114.631,233333
1357530717,72.37,黄了……
1356768973,214.366,么么哒
1355897009,37.103,自动变黄
1355343339,20.334,画质感人
1355284145,0.0,芭娜娜
1349236793,78.097,hh
1349237469,97.217,banana
1349173737,110.031,笨拉拉
1347410135,13.123,我德天
1342441649,101.179,变黄了？
1335242841,11.475,pppppp
1333761475,172.183,23333
1332990317,81.038,才没变黄
1330393625,47.33,拔娜娜
1326079541,86.339,黄字
1326077337,49.02,？变黄？
1324244011,10.659,八呐呐
1324076415,201.984,巴伯？
1324072001,82.289,你那是绿色。。╮(╯▽╰)╭ →
1324068385,72.378,banana~~~
1324050875,18.454,办案啊
1323255531,11.84,Banana~~~~~~
1322819463,59.809,画质感人
1318922395,138.833,瞬间爆炸
1318560823,200.235,八倍
1318471595,69.433,芭娜娜
1318004233,102.642,自动变黄不能怪我
1317606117,187.042,一场香蕉引发的血案233333
1317599391,62.331,我的~
1317598519,2.535,banana~
1448162809,163.332,不给他们
1447309849,99.641,自动变色
1446005777,103.491,香蕉真结实戳笑点哈哈哈哈哈哈哈哈哈
1443168655,169.084,计数君怎么不出来了啊233333
1442840613,158.349,2333333
1442838977,126.531,OMG(*/ω＼*)
1442833545,28.488,变色！( •̀∀•́ )
1440217421,125.155,hhhh
1440214315,49.133,钢筋塞嘴里啊 别说话呀ˊ_>ˋ
1440212407,30.696,说了句八嘎hhhh
1439284987,147.291,干的漂亮！！！
1439284827,126.091,笑的好贱
1438530995,88.532,啊
1438528447,42.02,banana
1434440555,180.641,吃到肚子里就没事了
1433798897,71.534,2333333333333333333
1431314045,168.303,巴娜娜
1431309769,79.101,23333
1430489951,44.959,鲍勃
1430450677,174.529,23333333
1426969687,137.16,OMG
1426791217,99.641,banana
1426787187,160.305,谁说字变黄了
1422070159,85.379,bnana
1421850839,12.831,banana、
1418826459,19.769,画质感人。
1418104181,78.158,怎么可能变黄呢，这种谎话我是不会信的
1417333847,179.637,心疼巴拉拉
1409081483,175.659,23333333
1404773513,173.011,一个波那那引发的血案23333
1404656193,121.95,不是三人组 Bob没有毛的
1404655747,47.507,不只要看眼睛还要看头上的毛还有身高
1403237041,23.915,自动变黄banana
1399287077,39.798,banana  lock on  banana arms
1399284195,16.857,banana arms！
1398886783,191.463,八倍~
1398884661,168.565,233333333333333333333
1398877949,39.634,拔娜娜~
1393085727,204.13,2333333333333
1392942213,177.338,这香蕉也是蛮坚强的
1389792687,172.861,2333333333
1538705917,10.547,呵
1538690515,44.731,banana
1534993973,69.31,好方法
1533741091,85.844,啊，斯图尔特……
1531499823,56.126,卡哇伊
1531498765,37.264,好可爱
1531471221,51.537,萌萌哒
1530993173,170.556,♀香♂蕉♀
1530990377,145.751,前方高能
1530985057,66.03,不能打架~不能打架~金坷垃的好处有啥~说对了我就给他~
1530980843,43.096,你们说谎，哪有变黄
1530976971,5.599,巴拉拉~~~
1525503551,102.164,芭娜娜
1525504379,102.164,芭娜娜
1524447929,9.355,s
1514747953,106.533,变黄了吗
1514746385,74.016,banana
1514577325,204.541,好傻，好萌啊
1514367939,84.828,自动变黄
1514352437,86.214,怎么办
1514016251,214.852,小黄人
1514011401,70.494,萌翻了
1512399665,134.036,BANANANANANANA
1512344425,106.863,@celestia
1512320497,146.642,格鲁：我造了什么孽招了你们这群吃货
1512075551,201.943,l l pa p
1504610271,93.34,巴娜娜
1498842063,185.755,hhhhhhhhhhhhhhhhh
1496250711,67.761,为什么我的字是黄色的
1496245661,189.707,不是应该给榴莲吗...
1496231243,174.577,真的能变黄吗
1495428335,42.306,芭娜娜
1495081857,69.27,能动手就动手尽量不BB
1492579609,45.662,好萌
1492366331,52.966,好萌啊
1492365461,35.551,好喜欢小黄人
1492365917,45.303,萌翻了
1490310013,42.815,芭娜娜
1489662603,108.923,吧娜娜
1489653045,174.941,233333333333
1489653739,194.457,拔娜娜
1485530441,164.446,233333333333333333333
1479292187,49.86,21333
1479289475,38.675,变色成功
1476813215,40.211,23333333
1476814765,70.059,banana
1476810485,23.353,2333333333
1475498181,49.063,banana！
1469880333,98.098,a pppb  .了
1461020241,100.402,我怎么变黄了
1460932857,114.872,不就一根香蕉吗至于抢成这样心疼到姐姐这来姐姐成箱成箱批给你们吃
1456231433,202.222,哈哈哈，格鲁是有多抠门
1455681639,207.271,八倍儿
1455542733,50.907,图咯与他我
1646519411,34.932,吧拉拉~
1646496727,1.787,d
1644916683,69.228,好萌
1638964275,63.58,不能打架不能打架
1638958323,47.847,bianse
1632033743,76.613,一個芭娜娜引起的血案
1632027699,202.733,苹果是baber？
1632020097,96.386,一根吧啦啦引发的血案
1632016885,85.658,一根吧啦啦引发的血案……
1632014337,77.438,不拉啦
1631197565,124.76,banana
1630983815,67.835,，，，，
1630692505,46.091,变黄！
1629751155,75.896,，，，
1628655531,66.739,Banana好处都有啥，谁说对了就给他
1628637681,150.702,a@ww秋衣
1625030213,204.867,2333333
1625022623,120.066,巴那那
1625025803,164.743,23333333
1625024995,86.052,听说会变色
1625019243,73.861,巴那那
1625018089,58.654,2333333
1625017037,44.31,巴那那
1624980789,195.411,2333333333
1624977417,162.006,23333333
1624968825,108.978,233333333
1624971257,5.448,芭娜娜
1624964439,54.226,凯文来了233333
1624961607,27.032,233333333
1624959733,7.109,banana~
1624188623,96.112,2333
1624148377,152.767,233333333333333
1624145123,107.68,巴拉拉
1624143637,86.323,芭娜娜
1623844253,81.033,╮(╯▽╰)╭
1623448417,20.254,banana
1619349581,81.191,芭娜娜
1618601219,41.258,banana黄上线
1618549687,55.841,肮脏的屁眼交易
1614729487,171.463,2223333
1614718847,25.921,芭娜娜
1614721523,62.611,芭
1614697189,177.245,金克拉 23333
1611979035,38.0,babababa
1606587307,37.046,哈哈哈
1602136901,179.423,233333333333333333
1602128417,46.449,芭娜娜~~~~~~~芭娜娜~~~~~~~~芭娜娜~~~~~~~~~
1602049199,166.513,2333333333333333333
1601978021,92.79,黄了？
1601978249,174.149,万人转钱
1601949573,26.345,屁屁
1601552387,211.787,好可爱
1600544683,16.824,233
1600543973,4.97,哈哈
1594923061,38.761,看到进度条我有点方
1593755117,108.873,卡黄了
1593673409,72.874,谁说对了就给他
1593672431,69.276,不能打架
1592392363,158.871,布奶奶
1592391919,127.989,布奶奶
1592391411,45.221,banana
1587345423,0.966,亻呆扌户礻见力
1585531981,198.499,23333333333333333333
1585531137,186.74,23333333333333333
1585528265,146.053,banana
1585529595,165.121,2333333333333
1585527091,128.761,全是因为芭娜娜才上去的吗。。。。
1585523487,75.449,芭娜娜
1579322155,62.184,不娜娜好处都有啥
1573721821,40.978,诺一
1573686455,57.283,小黄人会讲英语啊～
1573683437,27.98,男神
1573570017,68.498,kevin奶头大
1573570655,77.896,kevin奶头大
1573547399,54.859,kevin！
1565964463,94.987,咦
1565958651,43.938,吧娜娜
1565962829,80.431,这是我的！！
1562815257,37.171,卡在了奇怪的地方。。。
1562638093,34.548,卜娜娜！
1562061641,216.48,跟我们班同学一个样!!!
1557806279,84.701,bananananananananananana~
1555857237,14.0,八呐呐!
1555513767,198.587,爸爸
1555459045,46.09,爱吃香蕉是像香蕉
1555447573,176.002,23333333
1555422995,157.929,我刀一熊不是人组
1555409331,107.623,香蕉疯孓
1555404577,19.979,八呐呐
1555361189,117.113,好吃
1555359857,96.18,八呐呐
1555356369,2.058,真是的
1551706997,185.693,23333333333
1551703839,112.795,凯文
1551699849,23.846,banana
1546901017,157.733,矮胖光头的是bob
1544353133,43.863,芭娜娜
1540193615,175.589,@计数君233333333
1540120131,174.754,23333333333333333
1540117543,41.747,2333333333
1540117133,30.491,2333
1695567283,196.176,巴伯，，，，
1695564059,136.828,233333333333
1695559517,44.925,开始方了。。。
1695496767,222.227,23333333333333333
1693096417,159.79,暴走了
1693090705,78.858,黄了
1693048995,209.978,萌哭
1683345807,163.446,2333333333333333333
1683324345,53.846,布娜娜
1683255669,8.351,我在吃
1683202161,157.53,!=￣ω￣=踏
1683199375,75.92,铽
1680104815,56.748,233333333
1680098907,18.716,banana
1672018249,121.051,哎？怎么变黄了？
1670867919,191.42,Bapple
1670863795,38.46,BANANA
1670851585,16.602,啦啦啦
1668429859,169.569,这个慢放笑惨了wwwwww
1667874915,172.037,2333333333333
1667831159,42.885,波娜娜
1662396803,14.207,芭娜娜
1661711671,209.803,一堆人在叫我的名字，，
1655032027,46.995,笨啦啦
1795180101,163.804,全片只有一句台词
1795173759,29.121,巴啦啦
1795173167,15.778,八拉拉
1776463381,162.963,233333333333
1771229675,115.705,其实是金坷垃
1771225339,32.395,我刚好也在吃香蕉
1744660779,201.825,233333333
1744658909,166.732,23333333333
1744656255,112.911,2333333333
1744651279,21.522,好可爱好可爱
1744652439,42.498,23333333
1738408327,159.321,哈哈哈哈哈笑疯了这个慢镜头
1738407385,116.816,史上最多人变色的视频
1738406575,71.617,哈哈哈哈忍不住要刷黄色
1728317373,208.213,l
1904638833,25.467,2016.5.30 3:40
1886994735,18.682,e
1867190197,55.489,萌萌哒~
1867094713,118.804,噫
1861201761,172.479,友谊的小船说翻就翻
1858680681,95.84,banana
1849016773,142.656,；；
1842168825,176.841,2333333
1807215713,42.651,芭娜娜
2016962347,27.943,banana~
1991095023,67.983,我是什么颜色
1981790983,182.577,不呐呐。
1978150179,11.748,banana
1978051937,207.4,bpple
1973927667,175.739,这是你在教室里开了一包辣条的样子
1966155483,75.858,最喜欢小黄人
1964115639,60.813,不能打
1962800125,173.401,banana*45
1962800769,184.971,banana*46
1962799455,173.401,banana*43
1962797535,154.209,banana*40
1962798533,161.791,banana*42
1962797169,154.209,banana*39
1962797949,154.209,banana*42
1962796363,152.019,banana*37
1962795201,126.252,banana*36
1962791107,104.351,banana*13
1962788429,70.729,banana*7
1962789931,96.012,banana*11
1962788899,89.737,banana*9
1962790525,99.542,banana*12
1962789429,93.187,banana*10
1962787761,63.02,banana*6
1962784211,45.818,banana*3
1962783541,39.097,banana*2
1962784673,49.069,banana*4
1962782923,37.89,banana*1
1961601675,198.835,吓得我变成苹果色233
1961598239,172.364,哦，好多小黄人，让我都变黄了
2178425835,125.449,黄
2165115227,176.584,233333333
2165113351,133.964,小黄
2161586079,202.933,姐姐给你们买~~
2150034687,214.561,变色了
2143821559,156.817,擦擦擦
2143812219,60.31,这里有banana
2143807723,14.842,卡哇伊
2120011337,84.066,拔娜娜！
2119957609,10.143,好xx
2117862987,203.328,苹果也抢啊
2114483505,9.817,BANANA
2111008251,186.056,标准结局
2108603559,21.089,想起安安
2102376293,99.617,计数君不准
2102215107,142.175,没变黄啊
2102208251,79.389,banana
2100203467,28.218,巴纳纳(｡･ω･｡)ﾉ♡
2084854679,22.301,朱娅娜
2084700405,107.46,标准的中分头
2081643705,45.567,萌出翔
2078820187,192.377,八辈～
2078817519,171.85,2333333333333
2078814061,140.55,骗淫，根本没有变黄～
2078808753,99.961,咦，我怎么变黄了～
2078802617,50.178,banana～
2073513035,202.86,哈哈
2069716879,45.995,g y g
2059339645,11.13,，，，
2058633137,139.516,好乖
2058635089,167.061,2333333333333333333333333333333
2058627701,66.077,萌萌哒
2058630379,103.109,23333333333333333
2058626427,47.476,好可爱
2055060009,166.647,hahaha
2055054631,89.279,bananabanana
2055052951,65.282,扫黄扫黄
2055047833,12.624,banana
2053874377,152.767,hhhhhhhhhhhhhhhhhhhh
2053865741,50.827,芭娜娜……芭娜娜……娜娜！！！！
2053861525,12.126,芭娜娜
2053334881,83.199,8366636966999888卡1147
2040354987,168.406,给你们香蕉跟我走吧
2032128401,99.961,banana
2024029563,99.636,banana！
2347824261,154.771,。。香蕉很稀缺么。。
2345263007,81.245,哈哈哈
2340075183,128.358,娃娃机
2336740321,28.258,jkm
2336471211,171.931,波娜娜
2336463529,26.811,哦哦哦
2334103221,172.455,2333333333333333333
2332905849,208.312,噗哈哈哈哈哈
2332903025,174.116,23333333
2332188339,12.558,波娜娜
2320946299,1.322,BANANA
2318961921,82.35,我黄了么
2314336699,126.166,姐姐带你们去吃空菲律宾
2314313375,20.0,芭娜娜
2310905727,13.882,来看情敌
2306640591,105.649,banana
2301521173,23.381,画质感人！！！！
2300625647,166.537,天了噜，罢工啦
2293831407,164.727,包娜娜！！！！！
2291617553,178.261,233
2290021851,131.057,小黄人到底是硬的还是软的？
2287620235,19.36,banana
2286128415,137.675,格鲁要哭了哈哈哈哈哈哈
2280455153,205.52,2333333333333
2257596313,159.181,有翻译吗哈哈哈
2235068747,28.578,嘿嘿
2233695013,64.43,banana
2226928565,11.524,banana
2224073571,27.308,贱萌贱萌的
2220824911,111.918,2333333
2220818917,44.348,BANANA
2217770943,6.715,新技术打交道觉得靠自己究竟是看看
2211442059,79.207,吃货太恐怖了~
2211430049,71.869,banana~~~~
2211414047,211.14,23333333
2211411209,179.515,2#3333233
2208905167,68.475,抢金坷垃23333
2200372501,138.491,啊哦
2200376079,173.238,2333333333333333333333333333333
2200368323,98.24,香蕉还不坏？
2200353091,26.513,小小黄
2200322173,20.316,芭娜娜
2184781817,106.035,hhhhh
2184762265,94.062,不拿那
2457783015,49.487,芭娜娜
2457782051,20.424,芭娜娜
2434557225,170.084,纯洁的白色
2423009273,180.452,2333333333
2410916355,174.111,我有芭娜娜小可爱们跟我走吧
2400149573,191.57,他和别的妖艳贱货不一样23333333
2400071385,213.814,没有人心疼那根香蕉吗。。
2399970027,99.974,banana
2383608601,172.038,bananas
2383605343,116.224,e we e ban ban
2362938593,199.765,芭比
2362931277,52.778,banana
2591267707,25.565,芭娜娜
2591266301,11.275,芭娜娜
2579979859,102.469,会变色么
2579975439,48.692,变黄了吗
2567160617,215.661,就是喜欢抢啊～hhhhhhh
2565348687,208.602,哈哈哈哈哈哈
2537945185,165.395,23333333
2529134665,59.235,黄色的字体？
2529133269,33.414,可以的
2499909831,111.094,……
2490852851,53.313,正在吃香蕉的无辜的我
2705500019,182.305,23333333333333333333333
2698918469,91.299,心机表
2696314969,23.277,白嫩嫩
2694752161,55.68,头发真是好笑
2688556619,54.195,最愛kevin
2679152245,78.554,居然没有被弄坏？这是橡胶吗？
2675726235,69.322,ba ba bababa，小黄人，banana
2675728679,101.533,怎么变色滴
2675190343,144.802,求格鲁心理阴影面积
2666814325,78.491,扫黄大队
2661371019,176.863,这些小黄人是没水果吃吗2333333333333333333333
2661369087,174.214,233333333333333333333
2661365691,82.995,233333333333333333333333333333
2661366163,100.406,2333333333333333333333
2659721557,82.09,萌\(//∇//)\
2659497297,35.087,已卡疯
2659308361,158.671,没黄啊
2657031581,164.54,姥姥家
2656038271,97.3,banana
2647353611,106.287,哈哈
2647031383,203.362,巴贝尔
2647029147,20.287,芭娜娜
2641022951,10.887,赵日天在哪
2637516795,194.801,感觉是丧尸追了
2637515719,176.699,刚看完丧尸片过来
2629053981,44.698,不开心就看小黄人哈哈哈哈
2626823381,104.212,笨啦啦
2626823933,114.931,本拉拉笨啦啦
2797675269,135.406,诶
2795847285,103.55,点心
2790384685,87.923,小黄人好萌哦
2776744631,175.658,让我看看
2774655527,45.998,黄了黄了
2774652165,22.035,就像我想偷吃又不能吃的样子
2774651031,22.035,喜欢喜欢
2764385519,50.778,啊播噶
2757713067,174.101,233333333
2757207327,183.579,喂，出来
2730553367,214.609,swhigoxignggong'eni
2723846933,7.962,极光白前来觐见
2723166821,200.586,原来只要是吃的都会来抢啊
2920367212,47.586,芭娜娜
2904623938,186.501,喂——出来
2900528308,36.485,小黄人口味Banana
2893872220,37.274,试试0.5倍
2893870568,34.979,0.5倍笑死
2878595264,100.166,字体变黄
2850701505,59.195,banana！
2849899853,189.669,假的小黄人
2849841505,155.53,为什么那个香蕉断不了？
2846323609,99.85,"腿短╮(￣▽￣"")╭"
2841288073,49.807,自己吃自己
2841289209,82.967,字体颜色代表你们的心理
2841286533,6.928,1001来啦
2834007841,201.164,巴泊哈哈哈1
2833247083,106.153,黄
2830552791,67.501,banana
2830551745,54.518,banana！
2822456177,62.913,默默地拿了一根香蕉吃
2810162749,121.606,金坷垃流失不蒸发
2810040711,175.798,车祸现场
2810037571,110.596,2333333333
2801265953,10.161,从咒怨回来压压惊
2801031073,172.592,笑死
2801026097,49.363,鲍勃可爱
3055245218,31.365,布娜娜
3042479974,45.686,芭娜娜
3040788056,41.726,黃色
3040727938,154.284,前方高能前方高能
3020260932,26.845,只有我没声音吗
3017340496,36.469,同样0.5倍速，大叔声
2986318520,184.607,变♂黄？
2981624944,22.407,戴夫与斯图尔特？
2981073774,86.046,百年好合
2980898126,170.873,2333
2980892482,112.919,banana
2979749416,168.951,23333
2979171778,31.531,1.5倍小黄人
2976775112,104.671,i
2971285426,154.271,格鲁：mdzz
2970819518,205.924,23333333333
2970815546,167.124,233333333333333333
2964546940,170.457,除了香蕉吃什么系列
2962915180,187.09,一根香蕉引发的
2958350316,97.393,哈哈哈哈
2953775640,112.667,23333333333333
2949407184,41.172,芭娜娜
2949405642,60.098,芭娜娜是我
2944278180,135.906,天降正义
3155327836,192.734,哈哈哈哈哈哈
3150963250,110.007,娜娜
3149700770,155.107,一群芭娜娜
3149698142,81.126,巴拉拉
3142433404,221.403,给榴莲的23333
3139032718,145.403,自动变色！！！
3121411136,206.216,0
3115619558,204.358,好逗
3105271242,75.295,好搞笑
3095627466,186.433,八波
3092152374,190.426,他哼的是魔笛的唱段！！！
3081067746,142.884,一个banana引发的惨案
3073611810,123.519,又疯了三个hhhh
3065925910,7.717,芭娜娜
3057729074,113.886,单眼斯图尔特，高个凯文，双眼迈克
3293106522,76.443,好了好了，别抢了，我给你们一箱
3284660582,206.843,抢水果
3281016968,21.828,爸哪哪
3280869768,109.321,哈哈哈，找不到了吧
3277928114,169.204,banana
3273263458,93.083,哦?变黄
3269730936,103.631,我也想吃香蕉了
3263913530,164.564,哈哈哈
3263916262,196.598,哈哈哈
3262325190,27.374,我怎么变黄了
3260982778,168.083,我的我的我的我的我的
3260985042,176.462,我的我的我的我的我的
3260988914,200.611,只要是水果都抢啊
3253700024,0.0,人倒霉的奶粉呢
3249191762,8.231,来啦来啦
3244671992,168.923,一个香蕉引发的惨案
3226862778,0.0,avjofk
3226859174,0.0,同时女女
3200989222,0.347,特地去找了根banana边看边吃
3196974570,190.422,当你在班里撕开一包零食
3193675706,168.993,233333333333333333333
3192587168,171.013,23333333
3192261882,195.13,哈哈哈哈哈哈哈哈哈哈
3191662956,137.258,香蕉黄
3184980170,63.764,小黄人的画质好高
3179143536,13.783,hhhh
3177294466,29.166,↑↑↑只有我注意到键盘是反的么？
3164657152,206.148,啊啊啊姐姐给你们一箱橘子跟我走啊啊啊
3164326782,178.629,233333333
3162236102,81.602,笨啦拉
3162235336,64.42,笨啦拉
3416018399,26.424,banana
3413307783,65.338,三体运动
3412406771,25.865,小黄人忍不住想吃Banana
3411544095,194.802,天啊再买箱吧
3411411329,22.842,键盘是反的啊~
3409272936,0.0,nice
3408761274,160.264,ba~~~~~na~~~~~na~~~~~
3406904422,190.146,霸波
3399267519,68.382,往上吐口吐沫就没人跟你抢了（滑稽）
3399231299,145.313,格鲁：
3392622309,171.661,给我一个吧
3387541293,127.016,并没有啊
3387539579,106.813,听说会变色
3387531787,44.961,弹幕测试
3383671961,182.437,矮婆
3377029185,16.511,找到一个新世界
3376446747,66.023,0.75倍原声
3374902079,172.241,2333333333
3361084830,45.509,这个小爪子  太萌了
3360511128,13.726,：
3356252354,205.7,2333
3347713400,108.465,呃h了
3347375158,101.748,香蕉无敌啊
3346907954,34.481,欢迎收看字幕组也很无奈系列
3345541074,0.715,1001
3341611176,16.462,pipi！！hh！pipi！！
3335043172,39.627,想耍手机的我
3319504778,168.737,2333333333333333333333
3314674812,168.807,2333333333333
3314675882,176.911,芭娜娜！
3314677168,187.244,芭娜娜？
3314669184,93.69,芭娜娜
3314658026,40.536,芭娜娜
3314652558,17.018,芭娜娜
3303139870,58.07,三个和尚没水吃(￣_￣ )
3295674224,55.099,banane
3507414417,112.946,会变黄?扯犊子。。
3506455667,113.715,"不能打架,不能打架,巴娜娜好处都有啥,谁说对了就给他(滑稽)改自金坷垃"
3506027781,210.689,宝贝
3505122331,42.249,banana
3503941268,187.343,喂出来
3502140579,143.752,格鲁:你们给我出去！！！！！
3501149541,105.253,卜娜娜
3500398512,198.6,哈哈哈哈哈哈哈哈哈哈
3499165823,47.524,不拉啦
3499165103,41.424,不不拉啦
3499163536,27.003,不拉啦
3498839627,50.572,巴娜娜
3494461574,206.704,好搞笑！！！！！！！
3494265419,154.017,香蕉黄
3493590919,61.878,我好像黄了
3492716812,169.343,小黄人世界大战
3489812243,177.376,233333333333333
3489807199,91.057,芭娜娜
3489384909,64.248,banana好处都有啥，谁说对了就给他
3488728256,168.825,这个慢放????????????????
3485214061,41.899,banana能量，沙罗沙罗，小魔仙，全身变！
3483757277,210.003,芭ber
3483702103,174.077,一根香蕉引发的惨案
3483349443,167.346,哈哈哈哈哈哈哈哈哈哈哈哈哈哈隔
3482626572,188.824,八辈
3472308636,124.324,芭娜娜
3471300261,76.554,无敌啊
3466610933,15.737,拔拉拉
3461398024,37.345,强迫症
3460678718,134.019,全炸掉。
3460677603,119.976,抢个香蕉都可以。
3459417674,15.764,画质好评
3459078067,174.857,233333333333
3457690065,170.666,23333333333
3454820585,131.957,画质感人
3453876811,100.791,好结实的香蕉。
3453493398,107.947,对呀，怎么变色的
3453490935,77.626,没有黄色唉
3453492085,87.667,黄色呢
3453490337,71.567,真的吗，黄色
3449040801,55.844,芭娜娜
3447406100,105.134,谁说会变黄的  我就没..
3434896061,169.675,2333333333333
3428435003,174.797,2333333333333333333333333333333
3426888700,106.392,23333333
3426122388,172.056,哈哈哈哈是有多爱吃啊
3426115452,41.333,哈哈哈哈哈
3631816864,43.119,键盘哪里反了？
3629297200,33.655,←前面的天选之子啊，键盘明明就没反
3628798244,191.313,喂，出来的等我
3622833807,172.343,233333333333333333333333333
3622526015,15.927,笨啦啦
3620065845,95.41,banana
3620058970,22.221,靶啦啦
3618793383,94.606,要有香港记者的速度
3618790490,57.466,金坷垃
3618064335,171.88,男娼♂起义
3618049906,9.4,香蕉君♂的故事
3617548505,177.19,前方密恐福利 前方密恐福利 前方密恐福利 前方密恐福利
3617534002,51.407,松鼠上身
3617533772,224.384,哈哈哈
3616797210,35.065,芭娜娜！！
3616314261,67.918,三体运动
3616307055,13.583,纯洁的白色
3614634353,160.19,神
3614093399,164.792,哈哈哈萨哈哈哈
3613034525,55.377,啊好可爱啊
3612372822,47.116,可爱ớ ₃ờ
3610932838,0.0,很多 v 过
3609689308,172.336,天哪 想要小黄人
3607727603,222.049,23333
3605556834,70.879,一会儿香蕉折了
3605118891,99.311,高瘦的是Kevin
3603219302,205.612,怎么这么不挑食！
3603108310,201.075,包贝尔233
3603092690,20.544,学习时忍住不玩手机的你
3600390473,31.532,卡成PPT
3599764594,96.946,芭娜娜
3599027039,14.685,这画质太nice了
3597088194,55.765,БАНАН ????
3597087898,35.246,八嘎是俄语的再见
3594766175,56.848,都别打啦，金坷垃好处都有啥，谁说对了就支援他
3594017627,47.206,斯图尔特
3591890653,170.34,格鲁快来
3591888286,148.095,然后一切回到了起点
3590916195,199.661,格录不给你们吃水果吗……
3590643299,5.038,^_^^_^^_^
3590365737,187.826,潇洒哥来啦！
3587094618,217.698,还有人在看
3585616770,136.392,斯图尔特我来抱走了
3580786247,108.11,OK
3580195766,80.444,不那那
3580048222,101.953,黄了
3577484657,146.284,一根香蕉引发的惨案
3574710703,160.171,哈哈哈哈哈你够了↑
3574532787,174.657,233333333333333
3574396611,163.721,哈哈哈哈哈哈哈哈哈
3574057285,163.908,哈哈哈哈哈哈哈哈哈哈哈哈哈哈哈哈
3574052642,117.955,23333333333
3574054785,146.562,世界最结实香蕉
3574058147,171.176,一根香蕉引发的血案
3574049388,69.565,怕不是铁做的香蕉?这都不断
3574050204,79.959,想起跑酷
3573774665,31.73,键盘明明就是这个方向。智商感人。
3573303802,19.466,﻿(●—●)
3573248835,160.778,看的我都想吃吧娜娜了(๑>؂<๑）
3573221528,237.516,喂喂喂喂，我的快递还在里面啊
3573215569,145.458,我的快递！！！！
3572848672,46.409,23333
3572521855,141.826,@格鲁
3572037246,59.901,"不能打架,金坷垃好处都有啥 谁说对了就给他"
3571993258,202.526,好治愈啊～
3571475673,33.043,说键盘反的也是智商感人
3571066631,209.117,666666
3568591169,201.563,23333333
3568524670,212.414,我给你整个香蕉园跟我走吧www
3568522289,189.798,包贝尔~
3567230743,42.669,最喜欢小黄人了，banana
3566504837,127.47,看
3566409702,175.566,2333333333333
3565404008,7.757,笨女孩
3564582970,163.841,格鲁：你们给我去死(;｀O´)o
3563942516,172.408,计数菌阵亡
3563930886,14.419,画质好评
3563931444,21.292,变黄
3563535173,175.733,2333333333333
3563526914,74.582,233333333333
3563303500,177.423,这真结实....
3563286827,100.72,233333333
3563220521,169.575,我把那个慢放0.5了
3563161851,115.937,我的弹幕变色了？！
3562733372,67.428,金坷垃
3562498582,168.822,场面一度十分混乱
3562447573,35.2,画质感人
3561933958,179.664,底端弹幕666
3561248024,198.091,包贝尔
3561239576,82.096,小黄人快跑？
3561145821,79.828,我给你们一屋，你跟我回家吗
3561062980,133.328,天降正义！
3560735473,152.397,哈哈哈
3560732342,95.947,竟然还不断
3560431006,34.726,没反
3559785093,10.012,bra
3559617134,167.903,23333333333333333333333333
3559579034,144.735,Bob是异色瞳
3559462289,172.017,banana
3559441630,25.43,现在小黄人都会用电脑了……2333333
3559434858,165.45,233333
3559271832,71.463,萌吐
3559037818,148.724,芭娜娜
3558929019,163.652,笑死了这里23333333
3557885560,64.946,不能打架不能打架
3557876501,203.288,萌化了
3557870931,102.095,萌化了
3557867923,50.036,好可爱
3557618845,179.168,吧娜娜的质量好好哦
3557589563,98.661,高瘦的是凯文 一只眼睛是斯图尔特 又矮又小的是鲍勃
3557498306,115.409,banana
3556220797,73.126,三体运动的别走！！
3555952768,143.71,格鲁：mmp
3555683710,170.432,哈哈哈哈哈
3555685312,182.805,啊我看到鲍勃了
3555679988,122.526,最矮胖叫鲍勃，最可爱但这个短片里没有
3555675657,91.711,反正最高瘦的是斯图尔特
3555672769,66.407,怎么没有Bob！
3555671346,55.911,斯图尔特！
3555436721,171.633,23333333
3554801024,220.613,233333
3554764690,174.637,6852
3554399237,15.715,+1
3554280766,205.841,233333333
3552785922,149.494,格鲁:mmp
3551545925,11.989,画质感人
3551260716,64.322,一根香蕉引发的惨案
3550964169,116.72,banana
3549857316,219.323,233
3549849506,102.963,我怎么黄了
3549299817,202.413,23333333
3549253914,130.388,你们怎么认出来的
3549037172,209.865,苹果也想要啊！
3549027676,29.246,巴啦啦！
3548723066,21.894,巴啦啦
3548360251,115.228,？？？
3548359925,112.579,？？
3548048681,27.786,霸拿拿
3545967516,104.141,哈哈哈g
3545603426,16.091,Ba+2Na=BaNaNa
3545252263,203.207,粑粑
3544624309,34.481,终于可以发弹幕了，，
3544055452,28.474,好可爱啊啊啊
3543651515,44.186,banana
3543217952,118.582,banana
3542634927,187.183,格鲁不能多买点吗
3542126380,5.144,000000000
3542126862,14.444,..................................
3541346451,185.46,喂，出来
3541272932,38.563,键盘没毛病
3541227102,47.518,肩都没有怎么穿的背带裤
3541034087,182.435,卜娜娜，你说说话啊
3540751980,109.828,哈哈哈哈哈哈哈好可爱
3539908560,202.315,刚专门去找了一根banana的我又想吃apple
3539897219,81.014,特意去找了一个banana吃
3539892547,70.426,三体运动别走哈哈哈哈哈哈
3538939634,171.825,好喜欢它们的牙齿哈哈哈
3538239429,200.316,小黄人的世界缺乏水果
3537896987,96.163,金额结完婚
3536045898,190.46,八波
3535891928,14.698,画质感人～
3535304901,116.678,都是黄的
3534828208,132.91,表白斯图尔特
3534587883,204.086,太可爱了啊啊啊啊啊
3534475055,175.077,捡肥皂了。。。。。
3533616760,120.41,23333333333
3533609326,67.593,太可爱了
3533572085,36.571,和我很像
3533572428,45.601,就是我哈哈哈哈哈哈
3533423968,212.366,给你们一吨香蕉！跟我走吧！
3532489097,213.064,格鲁多发点香蕉吧哈哈哈哈哈哈
3532367535,206.206,香蕉：原来我不是你的唯一
3532327528,64.92,中间的是凯文
3531389119,99.427,巴拉拉能量
3530917040,74.02,小黄人快跑来历
3530559470,7.151,超级萌
3530452099,176.526,卧槽
3528641159,187.805,噢～八本～
3527927598,70.021,哈哈哈
3527146536,99.244,香蕉黄
3526953138,98.94,怎么可能会自动变黄
3526875921,74.403,笨娜娜
3524752873,8.73,9
3524745535,86.114,手动变黄
3524479611,35.323,键盘正常
3523949751,171.06,66666666666
3522803535,65.111,芭娜娜
3522737017,169.297,23333333333333333333333333
3522730079,13.477,可爱的阿黄
3522414984,19.781,贱贱的样子哈哈哈
3521024857,152.809,KFC
3521026801,172.244,蹦啦啦啦啦啦啦啦啦啦啦啦啦啦啦
3521017228,32.576,没有，看看那四个方向
3521018675,141.626,日常拆家
3521014029,76.925,日常拆家
3520880537,29.698,八嘎
3520878157,9.194,香蕉～
3520640481,76.857,为了香蕉拆房子系列
3520630811,70.811,好像看过
3520537565,72.771,我和室友的日常
3520464804,168.129,我可以收买他们！！
3520440262,142.454,6666666
3520440649,150.166,棒
3520435692,56.39,巴啦啦
3520057229,17.327,芭娜娜
3519725079,204.044,哈哈哈哈哈哈哈
3519721034,20.362,哼！笨啦啦！
3519429467,108.09,有凯文和斯图尔特，还有一个路人小黄人
3519144100,134.247,2333
3518898854,75.885,哈哈哈
3518898079,170.869,哈哈哈哈哈哈哈哈哈哈哈哈哈哈哈
3518780734,176.507,banana～
3518607020,111.393,这么夹着不会断掉吗
3517350815,193.706,巴啵儿～
3516976466,31.973,八嘎
3516542162,162.723,233333
3511705001,184.527,截图头像
3510900210,8.507,好卡
3508670803,119.215,香蕉怎么没断吖吖吖
3762293534,50.286,banana
3760776143,12.086,正前方：你     地点：教室
3759154713,80.51,香蕉断了就神作了
3758285966,155.663,这里建议调大音量使用
3739182018,6.989,芭娜娜
3737609343,9.567,一盒 斤斤计较斤斤计较斤斤计较妈妈们。。。。。。。。。。。。。？
3717630149,108.744,哈哈哈
3717622319,203.753,222222222222222222222222223333333333333333333333
3717617522,158.876,香-蕉！！！！！！！！！！！！！！！！
3717611666,89.501,BANANA
3713419497,189.212,BABLE
3713416627,158.222,BA-NA-NA！！！！！！！！！
3704592967,218.969,26668766 83538235.9323935
3701085963,215.731,233333333333333333333333333333333333
3696681840,11.255,芭娜娜
3695967963,73.769,芭娜娜
3694905125,105.204,Banana ×n
3690824743,8.939,正在吃banana
3687322429,65.846,金坷垃
3687321353,53.222,变黄+1
3680859260,210.04,哈哈哈哈哈
3680508128,99.791,最高瘦的是凯文，最常见的是斯图尔特，矮胖异瞳是鲍勃
3679704120,165.768,是有多喜欢香蕉啊
3679697017,75.314,好萌
3676700923,103.153,莫名变黄
3670510774,197.114,在班里吃零食的即视感
3669130459,97.593,好难过。。????
3668167208,133.434,鲍勃！！
3666355111,72.748,日本 美国 和中国一起争抢金坷垃
3664478728,110.028,哈哈哈哈哈哈哈哈
3660826620,15.406,画质感人
3658713768,128.83,轰炸机准备
3656159969,103.995,猴式智减法
3654525594,224.145,666
3654294756,130.58,变黄表白小黄人！
3654296168,140.712,变黄表白小黄人
3653990885,77.112,小黄人没口水
3653144391,110.716,刚刚不是两个中分的啊
3647930174,160.216,冲啊！！！！！
3646072737,90.205,有問過banana的意見嗎
3639097724,167.367,哈哈哈
3632854824,90.779,核弹头、、、、、？
3834714611,25.1,开场高调承包我鲍勃！
3831382639,90.887,芭娜娜质量挺好啊
3828489077,25.017,苹果键盘
3822428681,56.905,芭娜娜
3815740270,96.904,香蕉还没软吗
3800424917,15.531,画质感人
3799489482,41.706,banana
3794323010,2.505,表白我小黄人，打call!
3791086663,192.841,你完了233333
3791085846,152.903,看我和善的小眼神
3789511205,92.975,芭娜娜
3782660164,115.846,／y
3782659980,101.035,23333333333
3779732761,122.497,banana黄
3779551866,0.0,"Mhm.prgea ,  l.vcrutyyyuuyhkjoj. Njr"
3932443107,162.809,才去楼下买的香蕉10块一大串，美滋滋
3931034186,4.177,手动变黄
3918263495,30.6,233333
3918262914,12.179,巴拉巴拉
3904857422,169.576,哈哈哈哈哈哈哈哈哈
3897954566,47.247,banana
3894078428,165.07,for the horde！
3889853701,9.203,小黄人
3885101786,26.196,要去了～
3884057626,190.089,好可爱啊哈哈哈哈哈哈
3882186709,11.725,给小黄人打call
3878498126,30.674,对对对只有你一个人发现键盘反了
3877320815,11.19,拔娜娜
3988248734,224.409,给石榴
3987234529,42.746,蕉迟但到
3980889190,37.261,键盘反。。
3976796838,111.54,好萌
3963293659,211.866,萌死
3957832027,142.96,论格鲁不破产之谜
3957837314,183.757,所以，这根芭娜娜到底是SEI的
3957310247,140.685,2333333
3954458146,218.409,23333333
3948883936,75.405,哈哈
3946579799,218.407,这是饿了多久
3940600986,208.165,包贝尔的你别跑，笑死我了
4139306817,62.253,好萌
4139303651,25.404,????????????????????????????????????????????????????????????????????????
4139048767,196.586,当你在班上打开一包辣条时2333333
4064512481,104.662,怎么可能自动变黄
4059861395,117.446,我呢
4059860970,103.433,了
4049197393,199.427,哈哈哈
4049191674,50.785,可爱☺
4042298435,69.218,我的大宝贝！！！！****
4040770688,154.739,格鲁：MMP
4038872455,170.086,我有banana谁要吃
4035668885,84.0,233
4035432338,112.641,哈哈哈哈哈哈
4034841219,30.674,芭娜娜
4034841029,21.707,banana
4032324322,118.497,他们想吃不会去买嘛
4236582505,170.671,哈哈哈哈哈哈哈哈哈
4235214470,34.039,键盘没反吧
4233328096,45.335,哈哈哈
4231446694,52.479,巴啦啦小魔仙，变身
4200537555,63.871,lpppp
4196557690,20.16,bananna！
4192283788,79.41,心里默念，变黄！   看吧，黄了吧
4191726766,97.59,不就是硬币吗
4173852602,186.886,2333333
4168566212,61.858,隐约感觉格鲁的实验室又要毁了
4163526192,142.851,gru：老子打不死你们
4352607562,3.601,哈哈
4342484391,112.845,变啦
4315575955,143.301,我热
4286346454,124.204,好想看Bob
4286344471,100.624,最高最瘦的是凯文
4283507795,133.899,天降正义
4283504972,103.713,banana
4279982167,16.996,芭娜娜
4276589466,66.496,蜜汁爱芭娜娜
4271656885,221.238,哈哈
4271645167,38.452,八嘎呀路
4271642130,14.413,，巴娜娜
4248397065,59.639,zrrrrf短裤梦见你以后会怀念你和你
4245379324,170.182,耳机党已死
4245375188,100.312,哈哈哈
4245371563,37.839,卡哇伊
4245371152,31.001,好可爱
4390111895,218.403,'''
4383544475,61.605,坎巴拉？
4378655575,9.281,蕉迟但到
4374848154,206.626,格鲁的家居然没炸真的是奇迹
4374843670,95.348,香蕉居然没断
4360461401,218.04,e
4492550815,32.438,Uhh
4492547760,4.526,!
4482085317,59.283,单眼睛
4481394935,78.245,塑料姐妹情
4479056665,24.124,键盘拿倒了吧！小可爱！！！
4470032965,172.871,萌出一脸血
4465114310,12.698,画质炸裂✧(≖ ◡ ≖✿)
4452721050,111.031,我为什么黄了
4452720636,102.489,变成黑色了
285782356000770,21.44,啊啊啊啊啊啊
4563034773,6.024,心情不好的时候，看到他们就会开心起来
4521677549,113.662,233
4521192197,190.755,吧呗儿
4521184441,12.959,我来了233
4504719929,78.831,??
4504719087,37.616,Re65
1596837910282240,107.907,假的
1464958902075392,41.347,八嘎
1445483709464576,94.967,芭娜娜
1370261374894080,203.071,我突然喜欢上香蕉了!!!
1283102757879808,0.7,双眼矮是斯图尔特
1282063880159232,195.837,八ber
1282028287295488,198.935,丧尸围城2333  作者666
1281947683782656,172.226,NOno
1281934327545856,172.226,23333333333333
1281912798183424,160.339,BA-NA-NA  小黄人世界末日
1281813498036224,159.161,小黄人2012来袭
1238456126144512,2.452,可爱死了
1175091119390720,26.491,在写作业想玩手机的我们
1152559612428288,30.024,键盘是正的大哥
1124464017276932,178.444,大家好，我是香蕉♂君
1124454590054404,178.444,大家好，我是香蕉♂
1124385227800576,69.724,和我一样黄
997878876602372,184.227,我的天呐
954150210764800,109.356,笑死了
948590297481216,108.086,金坷垃
869721730187268,74.5,233333
826945105821696,177.182,这么多小黄人的名字格鲁全都知道？？？？？？
826847314575360,16.667,benlala
767768871829504,73.779,那个男人
644670392631296,115.207,可爱死了
572558324793346,56.559,这个才是斯图尔特
572515451666434,31.145,谁都希望有一群小黄人小弟
462327172825090,169.189,for the holl
444343425957890,174.023,好恶心啊哈哈哈
444285949837314,68.043,Kevin 是我的啦～～
444274320080898,58.304,Bob是我的！
408992394772482,20.49,怎么这么可爱！！！！
2813174125428736,139.737,什么时候从中分变成刺头了？！？！
2711278977548292,21.213,写作业时想玩手机的你
2677552443817984,176.679,NB
2508004330569730,203.442,自动变色
2507988342407170,177.804,当你在教室里打开了一包辣条↓
2507943676215298,116.255,金坷垃，你们别想了！
2507887371354112,16.312,写作业时想玩手机的我
2492469512503300,81.453,金坷垃！是我嗒
2399932738174980,19.836,萌死了
2372969665396740,139.884,看完恐怖小说来治愈一下
2266927872868356,129.846,手动变黄
2266915306209280,117.246,自动变黄
2227322995343362,41.428,不拿拿
2138380063211520,173.547,BANANA就是艺术！
2083020278857732,189.497,哈哈哈哈哈哈喂—出来的别走
2082919095992322,14.512,画质好评啊啊啊啊
2047366149439490,175.177,2233333
2032308812513280,25.445,好可爱
1774902834626564,41.974,好可爱啊
4501938357927936,201.342,扒啵
4501858421833732,48.925,扒那那
4501840745463808,15.269,小黄人是我的偶像
4493675574853632,165.771,23333
4453998020526082,85.504,那个是梅尔不是鲍勃，鲍勃是最萌的
4453961717252100,55.165,凯文
4444338896502784,60.482,斯图尔特是独眼
4409122119745540,103.305,每个小黄人都认识的只有格鲁了
4409103407906816,103.305,一只眼睛的是斯图尔特，鲍勃是异同，细长的是凯文
4317355997396992,106.231,明明变了↓
4317345527889920,100.051,？？？
4277170110201860,51.732,我今天才吃了两根香蕉
4211948833472514,185.801,啊哦……
4211927845699588,162.581,哈哈哈哈哈哈哈有毒
4211861000552452,40.3,芭娜娜～
4203231646318596,209.824,躺在沙发上笑被口水呛到了
4173039285567488,22.59,键盘反的
4167420646785028,142.609,格鲁哭晕在厕所
4167365113151488,58.321,不要搞
4121030658359300,42.836,自♂由的男人
4050291407192064,44.022,笨娜拿
4003722802233344,175.297,哇！金色传说
3991683820158976,142.129,"[160,160,""0.7-0.7"",5,""小黄人大眼萌"",10,2,5,5,1000,1000,1,""SimSun"",true]"
3856677267308544,146.968,格鲁要疯
3813429691809794,92.576,变黄
3702502135955460,87.199,就不能多拿几个香蕉
3623336873033728,212.978,hhhhhj
3623236489707520,21.241,hhhhh
3623233058766852,14.746,233333
3526608143515648,67.431,三体运动的秀的嘛
3506020615716866,113.906,黑色的
3504595205619712,135.202,发呀的轰
3494953199075330,40.982,芭娜娜
3494950519439364,39.705,banana
3493788957802496,44.729,我想养一只啊啊啊啊
3491961289310212,26.493,后面那货在上facebook……
3390908783919104,33.298,这个是戴夫
3349768125808644,54.218,lo
3132148143882240,192.187,苹果
3132137798107136,172.467,hhhhhhhhhhhhhhhhhhhhhhhh
3132118232727556,136.402,软中带硬
3132029565141056,118.496,只知道说banana
3132016145465348,92.97,六
3131981532495876,26.955,太黄了
5835116258000896,15.04,紫宁紫宁
5646087902199808,69.101,抢一根香蕉至于吗？
5425036025397252,54.497,扒娜娜
5087230572888064,205.122,被萌化了啊啊啊啊啊啊
5024825863045122,12.45,⊙∀⊙！
4887174687752196,72.143,不能打架，不能打架，芭娜娜好处都有啥，谁说对了就给他
4879756573016068,135.519,天降正义！
4845178587709444,95.827,233333
4816872542830592,180.212,我去
4816869181620224,173.752,OMG
4802110955192320,219.644,吃根香蕉
4625092192501764,4.582,突然回来
4585271317757956,108.846,23333333333333333
4585236778713092,51.966,芭娜娜
6719552235765760,70.407,真香
6683195879718912,135.158,没有变黄
5988480700645376,203.579,丧尸围城哈哈哈哈哈哈
5988473906397188,195.339,快跑
5988470970908676,191.299,233333333333333
5988462828716032,178.499,233333333333333
5988456698216448,168.519,笑死我
5988451877912578,160.759,哈哈哈哈哈哈哈哈哈哈哈哈哈哈
5988420056776708,102.899,哈哈哈哈哈哈哈哈哈
5988384936296448,38.018,哈哈哈哈哈哈哈哈哈
5988378368540736,27.439,可爱
5941239256449026,206.854,哈哈哈哈哈
8140408159207424,95.661,啊嘞
7846959838658560,31.932,BANANA！！！！！！！！
7846949963694080,13.417,表白小黄人
7656282316603392,122.661,这香蕉质量正好
7395620403806208,16.211,可爱
7278344903065600,121.045,哈哈哈哈哈
10011147919425536,7.986,嘿，哥们儿
9984198366461954,43.703,哈哈哈
9913254597885954,136.447,智能爪子
9875376685711360,103.438,bob是没头发的
9868664928993280,6.045,小黄人的语言是汉英法日韩葡萄牙西班牙意大利语言的混合，而不是自创预言
9848452741595136,113.034,23333
9848416274743296,43.462,芭娜娜
9848410357104640,32.112,太可爱了
9839953493622786,22.547,这键盘是烫手吗......
9348793170919424,131.024,轰炸开始
9237848532189184,172.903,一个香蕉引发的事故
9187358031216640,186.351,宝贝儿
9187335635206144,197.216,宝贝儿
9173205233172480,223.372,我永远爱我家小黄人
9173192487731200,216.012,我永远爱我家小黄人
9173034065199104,62.811,我的小黄人真是可爱死了呜呜呜
11430206934351874,199.145,好可爱啊啊啊
11418370823946242,42.677,banana
11344083005472770,30.503,我跟手机
11338995677528066,141.897,质量真好
11303255074144258,0.663,bananice
11225489109155842,157.154,bananaaaaaaaaaaaaaaaaaaaaaa
11146174942150656,19.657,嘿嘿～～～变色
11046797400604674,202.066,抢完香蕉有又抢苹果
11046763234852866,194.486,阿婆
11046692218994688,73.426,多弄点 不就行了
10970222806171650,105.985,自动变黄？
10885231091384322,172.567,一个香蕉引发的惨案
10787445503688706,219.933,这一集最可爱，喜欢
10787414119809026,170.601,声音都变了太逗了去哈哈
10787338085990402,50.033,键盘没有反好不好!
10567970137833472,169.76,全片只有一句台词:BANANA!!!!!
10567894070984706,74.159,不能打架，不能打架，香蕉好处都有啥？谁说对了就给他。
10433204286652418,15.355,好可爱
10391930315735042,179.473,这就是格鲁不多买香蕉的后果
10331358256168960,45.522,芭娜娜
12514900565819394,77.147,芭娜娜
12507975567015938,45.293,芭娜娜
12418072811929600,214.204,应该给石榴
12417966069514242,24.358,快开学补作业的你↓
12279729926701058,135.307,哈哈哈哈
12163072418906114,51.166,说
12145009191026690,40.891,banana~
12061187467378692,189.961,真实
12020363723014146,16.17,后方小黄人在玩梦幻西游？
12012986505363458,12.526,工业制香蕉Ba+2Na＝Banana
11998824485617666,64.76,香蕉大赛。
11930945047756802,190.66,耙贝
11930915169632258,171.659,百万大军强banana
11930885539495940,172.732,23333333333333333
11930878507745282,166.602,23333333333
11930870715252738,158.443,Oh have no!!!!!!!
11930819332931586,133.746,死亡轰炸开始
11731994284654594,112.06,弹幕里说会变色，我感觉不会啊
11656437607956482,70.592,鲍勃感觉在小黄人2里胖了，还是在这里瘦了
11654943332106242,69.484,最爱banana
11592847063515138,178.766,这香蕉不会软么
11568929520484354,65.258,好可爱
11565706610475010,145.661,要被格鲁打死了
11565646822768642,38.701,我特别喜欢他们banana的发音哈哈哈哈哈哈
11563508180189186,164.338,2333
11473161389342722,168.943,你的内心变黄了
11470769198465026,20.416,bananaaaaaaa
14053192889794562,74.2,banana，俗称女主播快乐器
14053163127013376,48.681,自动变黄
14053141940535296,15.4,香蕉黄
14053134522908674,9.78,她
13141245570318336,148.219,我记得《小黄人快跑》有这种画面
13141111601102852,6.02,香香蕉
12740241311399940,61.006,凯文
15450339790028804,6.203,小黄人正在诈尸中
15101460124008450,203.583,我在班里吃零食
14986703885303810,42.742,banana
14942029267599364,98.84,八娜娜
14821911350476800,43.84,哈哈哈
14767130255818752,169.609,芭娜娜魔仙变？
14767112185708548,140.992,自动变黄？
14765993111322628,51.74,本啦啦
14760370858622980,174.324,变黄
14734111364087808,126.257,最右边那个你怎么突然中分了
14691108745379840,96.255,芭娜娜
14629064046804992,59.564,芭娜娜
14611250609127424,103.88,哈哈哈哈哈哈哈哈哈哈，好惨
14406916412276736,179.538,变黄
14231691523522562,5.86,弹幕6666?
16260444840263684,14.725,芭娜娜
16260439123951620,12.365,芭娜娜
15864510712643588,7.921,u
15673084664086528,213.37,笑死我了
18119870093721600,175.304,banana
17301713513349122,159.701,就那么喜欢芭娜娜吗233333
17266078501568512,7.033,让人
17237764613865476,187.27,233333
17205340939485186,171.154,一个个都饿死了
17205298836013060,113.464,应该是凯文，斯图尔特和戴夫吧
19085235432456196,119.835,自动变色
20989112577687552,160.555,我 擦 尼玛
20889876435566596,100.439,最高最瘦的是凯文，鲍勃最矮最可爱
20430250280747012,78.757,233333
22341037678657536,94.848,嘉娜
21650690723020800,117.607,嘎嘎嘎
23145920255754240,3.995,6
